{"text": " \ucf54\ub85c\ub09819 \uc608\ubc29\uc218\uce59\uc785\ub2c8\ub2e4. \uc190\uc744 \uc790\uc8fc \uc53b\uae30, \ub9c8\uc2a4\ud06c \ucc29\uc6a9\ud558\uae30, \uae30\uce68\ud560 \ub550 \uc785\uacfc \ucf54 \uac00\ub9ac\uae30, \ubc1c\uc5f4, \uae30\uce68, \uc778\ud6c4\ud1b5 \ub4f1 \uc99d\uc0c1 \uc758\uc2ec \uc2dc\uc5d0\ub294 1339 \ub610\ub294 \ubcf4\uac74\uc18c\uc640 \uc0c1\ub2f4\ud558\uc2dc\uae30 \ubc14\ub78d\ub2c8\ub2e4.", "segments": [{"id": 0, "seek": 0, "start": 0.0, "end": 4.2, "text": " \ucf54\ub85c\ub09819 \uc608\ubc29\uc218\uce59\uc785\ub2c8\ub2e4.", "tokens": [50364, 31490, 3405, 22551, 17027, 8449, 46941, 7416, 13, 50574], "temperature": 0.0, "avg_logprob": -0.1871652603149414, "compression_ratio": 1.2228260869565217, "no_speech_prob": 0.15347419679164886}, {"id": 1, "seek": 0, "start": 4.2, "end": 18.2, "text": " \uc190\uc744 \uc790\uc8fc \uc53b\uae30, \ub9c8\uc2a4\ud06c \ucc29\uc6a9\ud558\uae30, \uae30\uce68\ud560 \ub550 \uc785\uacfc \ucf54 \uac00\ub9ac\uae30, \ubc1c\uc5f4, \uae30\uce68, \uc778\ud6c4\ud1b5 \ub4f1 \uc99d\uc0c1 \uc758\uc2ec \uc2dc\uc5d0\ub294 1339 \ub610\ub294 \ubcf4\uac74\uc18c\uc640 \uc0c1\ub2f4\ud558\uc2dc\uae30 \ubc14\ub78d\ub2c8\ub2e4.", "tokens": [50574, 15268, 1638, 47295, 13479, 119, 2401, 11, 47872, 105, 36018, 8761, 22700, 11, 7047, 26806, 7999, 4893, 238, 10051, 7097, 26306, 10583, 2250, 2401, 11, 13825, 37628, 11, 7047, 26806, 11, 9385, 26799, 15261, 15722, 33830, 5979, 14389, 12766, 5710, 11357, 3705, 12493, 7992, 1098, 6330, 4261, 1041, 228, 234, 7590, 8563, 35021, 2240, 3833, 2401, 9040, 252, 27169, 13, 51274], "temperature": 0.0, "avg_logprob": -0.1871652603149414, "compression_ratio": 1.2228260869565217, "no_speech_prob": 0.15347419679164886}], "language": "ko"}